{
  "image": "esphome/esphome:stable",
  "manifest_summary": {
    "native_binaries": 348,
    "total_binaries": 1112
  },
  "cold_start_native": {
    "label": "native",
    "n": 5,
    "samples_s": [
      1.6863733200007118,
      1.6690582979936153,
      1.7634102829979383,
      1.7036767629979295,
      1.659795268002199
    ],
    "median_s": 1.6863733200007118,
    "p95_s": 1.8052237469979446
  },
  "cold_start_linuxulator": {
    "label": "linuxulator",
    "n": 5,
    "samples_s": [
      1.649126456999511,
      1.7412138660001801,
      1.6755627689999528,
      1.7062048059960944,
      1.654196329000115
    ],
    "median_s": 1.6755627689999528,
    "p95_s": 1.76572020800304
  },
  "compile_native": {
    "label": "native",
    "n": 1,
    "samples_s": [
      151.18736057299975
    ],
    "median_s": 151.18736057299975,
    "p95_s": 151.18736057299975
  },
  "compile_linuxulator": {
    "label": "linuxulator",
    "n": 1,
    "samples_s": [
      153.62596284499887
    ],
    "median_s": 153.62596284499887,
    "p95_s": 153.62596284499887
  }
}